Output,R2,MAE,RMSE,N
Liquid,0.7414998710155487,11.7877035,15.18287,66
Gas,0.5585916042327881,12.706941,18.534025,78
Solid,0.4057561159133911,1.8109646,3.014065,36
Gasoline range hydrocarbons,0.12712764739990234,8.728395,12.037405,40
Diesel range hydrocarbons,0.407198429107666,7.8774576,11.572291,38
Total aromatics (w%),0.4020870327949524,7.661853,12.384585,42
BTX (w%),0.7055381536483765,2.778368,3.8250546,27
Wax (>C21),0.5589308142662048,14.389011,19.347618,41
